Id;Title;Year;Runtime;Genre;Director;Actors;Language;Country;Awards;imdbRating;imdbVotes;imdbID
1;The Shawshank Redemption;1994;142 min;Crime, Drama;Frank Darabont;Tim Robbins, Morgan Freeman, Bob Gunton, William Sadler;English;USA;Nominated for 7 Oscars. Another 19 wins & 30 nominations.;9.3;1,825,626;tt0111161
2;The Godfather;1972;175 min;Crime, Drama;Francis Ford Coppola;Marlon Brando, Al Pacino, James Caan, Richard S. Castellano;English, Italian, Latin;USA;Won 3 Oscars. Another 23 wins & 27 nominations.;9.2;1,243,444;tt0068646
3;The Godfather: Part II;1974;202 min;Crime, Drama;Francis Ford Coppola;Al Pacino, Robert Duvall, Diane Keaton, Robert De Niro;English, Italian, Spanish, Latin, Sicilian;USA;Won 6 Oscars. Another 10 wins & 20 nominations.;9.0;856,870;tt0071562
4;The Dark Knight;2008;152 min;Action, Crime, Drama;Christopher Nolan;Christian Bale, Heath Ledger, Aaron Eckhart, Michael Caine;English, Mandarin;USA, UK;Won 2 Oscars. Another 151 wins & 153 nominations.;9.0;1,802,351;tt0468569
5;12 Angry Men;1957;96 min;Crime, Drama;Sidney Lumet;Martin Balsam, John Fiedler, Lee J. Cobb, E.G. Marshall;English;USA;Nominated for 3 Oscars. Another 16 wins & 8 nominations.;8.9;494,215;tt0050083
6;Schindler's List;1993;195 min;Biography, Drama, History;Steven Spielberg;Liam Neeson, Ben Kingsley, Ralph Fiennes, Caroline Goodall;English, Hebrew, German, Polish;USA;Won 7 Oscars. Another 71 wins & 33 nominations.;8.9;937,837;tt0108052
7;The Lord of the Rings: The Return of the King;2003;201 min;Adventure, Drama, Fantasy;Peter Jackson;Noel Appleby, Ali Astin, Sean Astin, David Aston;English, Quenya, Old English, Sindarin;USA, New Zealand;Won 11 Oscars. Another 197 wins & 122 nominations.;8.9;1,304,569;tt0167260
8;Pulp Fiction;1994;154 min;Crime, Drama;Quentin Tarantino;Tim Roth, Amanda Plummer, Laura Lovelace, John Travolta;English, Spanish, French;USA;Won 1 Oscar. Another 60 wins & 68 nominations.;8.9;1,427,451;tt0110912
9;Fight Club;1999;139 min;Drama;David Fincher;Edward Norton, Brad Pitt, Meat Loaf, Zach Grenier;English;USA, Germany;Nominated for 1 Oscar. Another 10 wins & 31 nominations.;8.8;1,458,676;tt0137523
10;The Lord of the Rings: The Fellowship of the Ring;2001;178 min;Adventure, Drama, Fantasy;Peter Jackson;Alan Howard, Noel Appleby, Sean Astin, Sala Baker;English, Sindarin;New Zealand, USA;Won 4 Oscars. Another 113 wins & 124 nominations.;8.8;1,326,876;tt0120737
11;Forrest Gump;1994;142 min;Comedy, Drama, Romance;Robert Zemeckis;Tom Hanks, Rebecca Williams, Sally Field, Michael Conner Humphreys;English;USA;Won 6 Oscars. Another 39 wins & 66 nominations.;8.8;1,365,937;tt0109830
12;Star Wars: Episode V - The Empire Strikes Back;1980;124 min;Action, Adventure, Fantasy;Irvin Kershner;Mark Hamill, Harrison Ford, Carrie Fisher, Billy Dee Williams;English;USA;Won 1 Oscar. Another 21 wins & 19 nominations.;8.8;910,608;tt0080684
13;Inception;2010;148 min;Action, Adventure, Sci-Fi;Christopher Nolan;Leonardo DiCaprio, Joseph Gordon-Levitt, Ellen Page, Tom Hardy;English, Japanese, French;USA, UK;Won 4 Oscars. Another 150 wins & 203 nominations.;8.8;1,592,306;tt1375666
14;The Lord of the Rings: The Two Towers;2002;179 min;Adventure, Drama, Fantasy;Peter Jackson;Bruce Allpress, Sean Astin, John Bach, Sala Baker;English, Sindarin, Old English;USA, New Zealand;Won 2 Oscars. Another 118 wins & 138 nominations.;8.7;1,188,300;tt0167261
15;One Flew Over the Cuckoo's Nest;1975;133 min;Drama;Milos Forman;Michael Berryman, Peter Brocco, Dean R. Brooks, Alonzo Brown;English;USA;Won 5 Oscars. Another 30 wins & 13 nominations.;8.7;729,653;tt0073486
16;Goodfellas;1990;146 min;Crime, Drama;Martin Scorsese;Robert De Niro, Ray Liotta, Joe Pesci, Lorraine Bracco;English, Italian;USA;Won 1 Oscar. Another 37 wins & 35 nominations.;8.7;787,997;tt0099685
17;The Matrix;1999;136 min;Action, Sci-Fi;Lana Wachowski, Lilly Wachowski;Keanu Reeves, Laurence Fishburne, Carrie-Anne Moss, Hugo Weaving;English;USA;Won 4 Oscars. Another 34 wins & 45 nominations.;8.7;1,314,628;tt0133093
18;Star Wars: Episode IV - A New Hope;1977;121 min;Action, Adventure, Fantasy;George Lucas;Mark Hamill, Harrison Ford, Carrie Fisher, Peter Cushing;English;USA;Won 6 Oscars. Another 50 wins & 28 nominations.;8.7;982,688;tt0076759
19;Se7en;1995;127 min;Crime, Drama, Mystery;David Fincher;Morgan Freeman, Andrew Kevin Walker, Kevin Spacey, Daniel Zacapa;English;USA;Nominated for 1 Oscar. Another 25 wins & 34 nominations.;8.6;1,108,627;tt0114369
20;It's a Wonderful Life;1946;130 min;Drama, Family, Fantasy;Frank Capra;James Stewart, Donna Reed, Lionel Barrymore, Thomas Mitchell;English;USA;Nominated for 5 Oscars. Another 6 wins & 1 nomination.;8.6;301,614;tt0038650
21;The Silence of the Lambs;1991;118 min;Crime, Drama, Thriller;Jonathan Demme;Jodie Foster, Lawrence A. Bonney, Kasi Lemmons, Lawrence T. Wrentz;English;USA;Won 5 Oscars. Another 49 wins & 37 nominations.;8.6;967,878;tt0102926
22;The Usual Suspects;1995;106 min;Crime, Drama, Mystery;Bryan Singer;Stephen Baldwin, Gabriel Byrne, Benicio Del Toro, Kevin Pollak;English, Hungarian, Spanish, French;USA, Germany;Won 2 Oscars. Another 32 wins & 16 nominations.;8.6;797,545;tt0114814
23;Léon: The Professional;1994;110 min;Crime, Drama, Thriller;Luc Besson;Jean Reno, Gary Oldman, Natalie Portman, Danny Aiello;English, Italian, French;France;5 wins & 11 nominations.;8.6;787,281;tt0110413
24;Saving Private Ryan;1998;169 min;Drama, War;Steven Spielberg;Tom Hanks, Tom Sizemore, Edward Burns, Barry Pepper;English, French, German, Czech;USA;Won 5 Oscars. Another 74 wins & 74 nominations.;8.6;960,639;tt0120815
25;City Lights;1931;87 min;Comedy, Drama, Romance;Charles Chaplin;Virginia Cherrill, Florence Lee, Harry Myers, Al Ernest Garcia;English;USA;3 wins.;8.6;119,453;tt0021749
26;Interstellar;2014;169 min;Adventure, Drama, Sci-Fi;Christopher Nolan;Ellen Burstyn, Matthew McConaughey, Mackenzie Foy, John Lithgow;English;USA, UK, Canada, Iceland;Won 1 Oscar. Another 41 wins & 142 nominations.;8.6;1,057,411;tt0816692
27;American History X;1998;119 min;Crime, Drama;Tony Kaye;Edward Norton, Edward Furlong, Beverly D'Angelo, Jennifer Lien;English;USA;Nominated for 1 Oscar. Another 4 wins & 13 nominations.;8.5;843,128;tt0120586
28;Modern Times;1936;87 min;Comedy, Drama, Family;Charles Chaplin;Charles Chaplin, Paulette Goddard, Henry Bergman, Tiny Sandford;English;USA;4 wins & 1 nomination.;8.5;158,254;tt0027977
29;Casablanca;1942;102 min;Drama, Romance, War;Michael Curtiz;Humphrey Bogart, Ingrid Bergman, Paul Henreid, Claude Rains;English, French, German, Italian;USA;Won 3 Oscars. Another 5 wins & 8 nominations.;8.5;415,400;tt0034583
30;The Green Mile;1999;189 min;Crime, Drama, Fantasy;Frank Darabont;Tom Hanks, David Morse, Michael Clarke Duncan, Bonnie Hunt;English, French;USA;Nominated for 4 Oscars. Another 15 wins & 30 nominations.;8.5;857,527;tt0120689
31;Psycho;1960;109 min;Horror, Mystery, Thriller;Alfred Hitchcock;Anthony Perkins, Vera Miles, John Gavin, Janet Leigh;English;USA;Nominated for 4 Oscars. Another 5 wins & 9 nominations.;8.5;458,316;tt0054215
32;Raiders of the Lost Ark;1981;115 min;Action, Adventure;Steven Spielberg;Harrison Ford, Karen Allen, Paul Freeman, Ronald Lacey;English, German, Hebrew, Spanish, Arabic, Nepali;USA;Won 4 Oscars. Another 30 wins & 23 nominations.;8.5;709,587;tt0082971
33;The Pianist;2002;150 min;Biography, Drama, Music;Roman Polanski;Adrien Brody, Emilia Fox, Michal Zebrowski, Ed Stoppard;English, German, Russian;France, Poland, Germany, UK;Won 3 Oscars. Another 51 wins & 72 nominations.;8.5;547,383;tt0253474
34;Rear Window;1954;112 min;Mystery, Thriller;Alfred Hitchcock;James Stewart, Grace Kelly, Wendell Corey, Thelma Ritter;English;USA;Nominated for 4 Oscars. Another 6 wins & 8 nominations.;8.5;342,023;tt0047396
35;The Departed;2006;151 min;Crime, Drama, Thriller;Martin Scorsese;Leonardo DiCaprio, Matt Damon, Jack Nicholson, Mark Wahlberg;English, Cantonese;USA, Hong Kong;Won 4 Oscars. Another 92 wins & 134 nominations.;8.5;943,314;tt0407887
36;Whiplash;2014;107 min;Drama, Music;Damien Chazelle;Miles Teller, J.K. Simmons, Paul Reiser, Melissa Benoist;English;USA;Won 3 Oscars. Another 88 wins & 135 nominations.;8.5;485,079;tt2582802
37;Terminator 2: Judgment Day;1991;137 min;Action, Sci-Fi, Thriller;James Cameron;Arnold Schwarzenegger, Linda Hamilton, Edward Furlong, Robert Patrick;English, Spanish;USA, France;Won 4 Oscars. Another 24 wins & 24 nominations.;8.5;798,971;tt0103064
38;Back to the Future;1985;116 min;Adventure, Comedy, Sci-Fi;Robert Zemeckis;Michael J. Fox, Christopher Lloyd, Lea Thompson, Crispin Glover;English;USA;Won 1 Oscar. Another 18 wins & 26 nominations.;8.5;798,211;tt0088763
39;Gladiator;2000;155 min;Action, Adventure, Drama;Ridley Scott;Russell Crowe, Joaquin Phoenix, Connie Nielsen, Oliver Reed;English;USA, UK;Won 5 Oscars. Another 53 wins & 101 nominations.;8.5;1,059,523;tt0172495
40;The Lion King;1994;88 min;Animation, Adventure, Drama;Roger Allers, Rob Minkoff;Rowan Atkinson, Matthew Broderick, Niketa Calame, Jim Cummings;English, Swahili, Xhosa, Zulu;USA;Won 2 Oscars. Another 33 wins & 30 nominations.;8.5;707,806;tt0110357
41;The Prestige;2006;130 min;Drama, Mystery, Sci-Fi;Christopher Nolan;Hugh Jackman, Christian Bale, Michael Caine, Piper Perabo;English;USA, UK;Nominated for 2 Oscars. Another 5 wins & 36 nominations.;8.5;922,672;tt0482571
42;Apocalypse Now;1979;153 min;Drama, War;Francis Ford Coppola;Marlon Brando, Martin Sheen, Robert Duvall, Frederic Forrest;English, French, Vietnamese;USA;Won 2 Oscars. Another 18 wins & 31 nominations.;8.5;481,465;tt0078788
43;Memento;2000;113 min;Mystery, Thriller;Christopher Nolan;Guy Pearce, Carrie-Anne Moss, Joe Pantoliano, Mark Boone Junior;English;USA;Nominated for 2 Oscars. Another 55 wins & 55 nominations.;8.5;909,341;tt0209144
44;The Great Dictator;1940;125 min;Comedy, Drama, War;Charles Chaplin;Charles Chaplin, Jack Oakie, Reginald Gardiner, Henry Daniell;English, Esperanto;USA;Nominated for 5 Oscars. Another 6 wins & 1 nomination.;8.5;151,705;tt0032553
45;Sunset Boulevard;1950;110 min;Drama, Film-Noir;Billy Wilder;William Holden, Gloria Swanson, Erich von Stroheim, Nancy Olson;English;USA;Won 3 Oscars. Another 15 wins & 18 nominations.;8.5;151,983;tt0043014
46;Alien;1979;117 min;Horror, Sci-Fi;Ridley Scott;Tom Skerritt, Sigourney Weaver, Veronica Cartwright, Harry Dean Stanton;English;UK, USA;Won 1 Oscar. Another 16 wins & 19 nominations.;8.5;618,222;tt0078748
47;Dr. Strangelove or: How I Learned to Stop Worrying and Love the Bomb;1964;95 min;Comedy;Stanley Kubrick;Peter Sellers, George C. Scott, Sterling Hayden, Keenan Wynn;English, Russian;USA, UK;Nominated for 4 Oscars. Another 13 wins & 6 nominations.;8.5;367,328;tt0057012
48;Paths of Glory;1957;88 min;Drama, War;Stanley Kubrick;Kirk Douglas, Ralph Meeker, Adolphe Menjou, George Macready;English, German, Latin;USA;Nominated for 1 BAFTA Film Award. Another 4 wins & 2 nominations.;8.5;132,224;tt0050825
49;Django Unchained;2012;165 min;Drama, Western;Quentin Tarantino;Jamie Foxx, Christoph Waltz, Leonardo DiCaprio, Kerry Washington;English, German, French, Italian;USA;Won 2 Oscars. Another 56 wins & 151 nominations.;8.4;1,047,465;tt1853728
50;The Shining;1980;146 min;Drama, Horror;Stanley Kubrick;Jack Nicholson, Shelley Duvall, Danny Lloyd, Scatman Crothers;English;UK, USA;3 wins & 5 nominations.;8.4;664,418;tt0081505
51;Witness for the Prosecution;1957;116 min;Crime, Drama, Mystery;Billy Wilder;Tyrone Power, Marlene Dietrich, Charles Laughton, Elsa Lanchester;English, German;USA;Nominated for 6 Oscars. Another 3 wins & 9 nominations.;8.4;70,915;tt0051201
52;The Dark Knight Rises;2012;164 min;Action, Thriller;Christopher Nolan;Christian Bale, Gary Oldman, Tom Hardy, Joseph Gordon-Levitt;English, Arabic;UK, USA;Nominated for 1 BAFTA Film Award. Another 38 wins & 101 nominations.;8.5;1,228,378;tt1345836
53;WALL·E;2008;98 min;Animation, Adventure, Family;Andrew Stanton;Ben Burtt, Elissa Knight, Jeff Garlin, Fred Willard;English;USA;Won 1 Oscar. Another 90 wins & 90 nominations.;8.4;782,275;tt0910970
54;American Beauty;1999;122 min;Drama, Romance;Sam Mendes;Kevin Spacey, Annette Bening, Thora Birch, Wes Bentley;English;USA;Won 5 Oscars. Another 103 wins & 98 nominations.;8.4;881,549;tt0169547
55;Once Upon a Time in America;1984;229 min;Crime, Drama;Sergio Leone;Robert De Niro, James Woods, Elizabeth McGovern, Joe Pesci;English, Italian, French;Italy, USA;Nominated for 2 Golden Globes. Another 11 wins & 7 nominations.;8.4;239,391;tt0087843
56;Aliens;1986;137 min;Action, Adventure, Sci-Fi;James Cameron;Sigourney Weaver, Carrie Henn, Michael Biehn, Paul Reiser;English;USA, UK;Won 2 Oscars. Another 18 wins & 22 nominations.;8.4;529,034;tt0090605
57;Citizen Kane;1941;119 min;Drama, Mystery;Orson Welles;Joseph Cotten, Dorothy Comingore, Agnes Moorehead, Ruth Warrick;English;USA;Won 1 Oscar. Another 9 wins & 12 nominations.;8.4;318,781;tt0033467
58;North by Northwest;1959;136 min;Action, Adventure, Mystery;Alfred Hitchcock;Cary Grant, Eva Marie Saint, James Mason, Jessie Royce Landis;English;USA;Nominated for 3 Oscars. Another 8 wins & 4 nominations.;8.4;235,871;tt0053125
59;Vertigo;1958;128 min;Mystery, Romance, Thriller;Alfred Hitchcock;James Stewart, Kim Novak, Barbara Bel Geddes, Tom Helmore;English;USA;Nominated for 2 Oscars. Another 8 wins & 4 nominations.;8.4;272,500;tt0052357
60;Star Wars: Episode VI - Return of the Jedi;1983;131 min;Action, Adventure, Fantasy;Richard Marquand;Mark Hamill, Harrison Ford, Carrie Fisher, Billy Dee Williams;English;USA;Nominated for 4 Oscars. Another 20 wins & 16 nominations.;8.4;747,275;tt0086190
61;Braveheart;1995;178 min;Biography, Drama, History;Mel Gibson;James Robinson, Sean Lawlor, Sandy Nelson, James Cosmo;English, French, Latin, Scottish Gaelic;USA;Won 5 Oscars. Another 26 wins & 29 nominations.;8.4;793,897;tt0112573
62;Reservoir Dogs;1992;99 min;Crime, Drama, Thriller;Quentin Tarantino;Harvey Keitel, Tim Roth, Michael Madsen, Chris Penn;English;USA;9 wins & 15 nominations.;8.3;721,998;tt0105236
63;Double Indemnity;1944;107 min;Crime, Drama, Film-Noir;Billy Wilder;Fred MacMurray, Barbara Stanwyck, Edward G. Robinson, Porter Hall;English;USA;Nominated for 7 Oscars. Another 2 wins & 2 nominations.;8.3;106,914;tt0036775
64;Requiem for a Dream;2000;102 min;Drama;Darren Aronofsky;Ellen Burstyn, Jared Leto, Jennifer Connelly, Marlon Wayans;English;USA;Nominated for 1 Oscar. Another 33 wins & 62 nominations.;8.4;618,232;tt0180093
65;Lawrence of Arabia;1962;216 min;Adventure, Biography, Drama;David Lean;Peter O'Toole, Alec Guinness, Anthony Quinn, Jack Hawkins;English, Arabic, Turkish;UK, USA;Won 7 Oscars. Another 23 wins & 14 nominations.;8.3;207,765;tt0056172
66;The Kid;1921;68 min;Comedy, Drama, Family;Charles Chaplin;Carl Miller, Edna Purviance, Jackie Coogan, Charles Chaplin;English;USA;1 win.;8.3;76,513;tt0012349
67;A Clockwork Orange;1971;136 min;Crime, Drama, Sci-Fi;Stanley Kubrick;Malcolm McDowell, Patrick Magee, Michael Bates, Warren Clarke;English;UK, USA;Nominated for 4 Oscars. Another 9 wins & 17 nominations.;8.3;601,251;tt0066921
68;Amadeus;1984;160 min;Biography, Drama, History;Milos Forman;F. Murray Abraham, Tom Hulce, Elizabeth Berridge, Roy Dotrice;English, Italian, Latin, German;USA, France;Won 8 Oscars. Another 33 wins & 14 nominations.;8.3;293,394;tt0086879
69;To Kill a Mockingbird;1962;129 min;Crime, Drama;Robert Mulligan;Gregory Peck, John Megna, Frank Overton, Rosemary Murphy;English;USA;Won 3 Oscars. Another 10 wins & 16 nominations.;8.3;234,351;tt0056592
70;Eternal Sunshine of the Spotless Mind;2004;108 min;Drama, Romance, Sci-Fi;Michel Gondry;Jim Carrey, Kate Winslet, Gerry Robert Byrne, Elijah Wood;English;USA;Won 1 Oscar. Another 70 wins & 109 nominations.;8.3;720,117;tt0338013
71;Singin' in the Rain;1952;103 min;Comedy, Musical, Romance;Stanley Donen, Gene Kelly;Gene Kelly, Donald O'Connor, Debbie Reynolds, Jean Hagen;English;USA;Nominated for 2 Oscars. Another 5 wins & 7 nominations.;8.3;166,166;tt0045152
72;Taxi Driver;1976;113 min;Crime, Drama;Martin Scorsese;Diahnne Abbott, Frank Adu, Victor Argo, Gino Ardito;English, Spanish;USA;Nominated for 4 Oscars. Another 21 wins & 15 nominations.;8.3;549,211;tt0075314
73;The Sting;1973;129 min;Comedy, Crime, Drama;George Roy Hill;Paul Newman, Robert Redford, Robert Shaw, Charles Durning;English;USA;Won 7 Oscars. Another 10 wins & 6 nominations.;8.3;190,154;tt0070735
74;Toy Story 3;2010;103 min;Animation, Adventure, Comedy;Lee Unkrich;Tom Hanks, Tim Allen, Joan Cusack, Ned Beatty;English, Spanish;USA;Won 2 Oscars. Another 59 wins & 91 nominations.;8.3;589,975;tt0435761
75;2001: A Space Odyssey;1968;149 min;Adventure, Sci-Fi;Stanley Kubrick;Keir Dullea, Gary Lockwood, William Sylvester, Daniel Richter;English, Russian;UK, USA;Won 1 Oscar. Another 13 wins & 8 nominations.;8.3;462,767;tt0062622
76;Full Metal Jacket;1987;116 min;Drama, War;Stanley Kubrick;Matthew Modine, Adam Baldwin, Vincent D'Onofrio, R. Lee Ermey;English, Vietnamese;UK, USA;Nominated for 1 Oscar. Another 7 wins & 9 nominations.;8.3;527,053;tt0093058
77;Baby Driver;2017;113 min;Action, Crime, Music;Edgar Wright;Ansel Elgort, Jon Bernthal, Jon Hamm, Eiza González;English;UK, USA;1 win & 1 nomination.;8.5;2,872;tt3890160
78;Toy Story;1995;81 min;Animation, Adventure, Comedy;John Lasseter;Tom Hanks, Tim Allen, Don Rickles, Jim Varney;English;USA;Nominated for 3 Oscars. Another 23 wins & 18 nominations.;8.3;680,986;tt0114709
79;Inglourious Basterds;2009;153 min;Adventure, Drama, War;Quentin Tarantino, Eli Roth;Brad Pitt, Mélanie Laurent, Christoph Waltz, Eli Roth;English, German, French, Italian;USA, Germany;Won 1 Oscar. Another 129 wins & 165 nominations.;8.3;969,927;tt0361748
80;Snatch;2000;102 min;Comedy, Crime;Guy Ritchie;Benicio Del Toro, Dennis Farina, Vinnie Jones, Brad Pitt;English, Russian;UK, USA;4 wins & 6 nominations.;8.3;643,205;tt0208092
81;The Apartment;1960;125 min;Comedy, Drama, Romance;Billy Wilder;Jack Lemmon, Shirley MacLaine, Fred MacMurray, Ray Walston;English;USA;Won 5 Oscars. Another 19 wins & 8 nominations.;8.3;119,156;tt0053604
82;All About Eve;1950;138 min;Drama;Joseph L. Mankiewicz;Bette Davis, Anne Baxter, George Sanders, Celeste Holm;English, French;USA;Won 6 Oscars. Another 17 wins & 17 nominations.;8.3;89,890;tt0042192
83;Monty Python and the Holy Grail;1975;91 min;Adventure, Comedy, Fantasy;Terry Gilliam, Terry Jones;Graham Chapman, John Cleese, Eric Idle, Terry Gilliam;English, French, Latin;UK;2 wins & 2 nominations.;8.3;408,671;tt0071853
84;Scarface;1983;170 min;Crime, Drama;Brian De Palma;Al Pacino, Steven Bauer, Michelle Pfeiffer, Mary Elizabeth Mastrantonio;English, Spanish;USA;Nominated for 3 Golden Globes. Another 4 nominations.;8.3;580,090;tt0086250
85;L.A. Confidential;1997;138 min;Crime, Drama, Mystery;Curtis Hanson;Kevin Spacey, Russell Crowe, Guy Pearce, James Cromwell;English;USA;Won 2 Oscars. Another 85 wins & 77 nominations.;8.3;441,642;tt0119488
86;Good Will Hunting;1997;126 min;Drama;Gus Van Sant;Matt Damon, Ben Affleck, Stellan Skarsgård, John Mighton;English;USA;Won 2 Oscars. Another 22 wins & 55 nominations.;8.3;659,342;tt0119217
87;The Treasure of the Sierra Madre;1948;126 min;Adventure, Drama, Western;John Huston;Humphrey Bogart, Walter Huston, Tim Holt, Bruce Bennett;English, Spanish;USA;Won 3 Oscars. Another 12 wins & 5 nominations.;8.3;85,244;tt0040897
88;Indiana Jones and the Last Crusade;1989;127 min;Action, Adventure, Fantasy;Steven Spielberg;Harrison Ford, Sean Connery, Denholm Elliott, Alison Doody;English, German, Greek, Arabic;USA;Won 1 Oscar. Another 6 wins & 20 nominations.;8.3;555,173;tt0097576
89;Some Like It Hot;1959;121 min;Comedy, Romance;Billy Wilder;Marilyn Monroe, Tony Curtis, Jack Lemmon, George Raft;English;USA;Won 1 Oscar. Another 9 wins & 13 nominations.;8.3;189,098;tt0053291
90;Batman Begins;2005;140 min;Action, Adventure;Christopher Nolan;Christian Bale, Michael Caine, Liam Neeson, Katie Holmes;English, Urdu, Mandarin;USA, UK;Nominated for 1 Oscar. Another 14 wins & 71 nominations.;8.3;1,053,569;tt0372784
91;Up;2009;96 min;Animation, Adventure, Comedy;Pete Docter, Bob Peterson;Edward Asner, Christopher Plummer, Jordan Nagai, Bob Peterson;English;USA;Won 2 Oscars. Another 74 wins & 82 nominations.;8.3;727,405;tt1049413
92;The Third Man;1949;93 min;Film-Noir, Mystery, Thriller;Carol Reed;Joseph Cotten, Alida Valli, Orson Welles, Trevor Howard;English, German, Russian;UK;Won 1 Oscar. Another 4 wins & 4 nominations.;8.3;122,343;tt0041959
93;Unforgiven;1992;131 min;Drama, Western;Clint Eastwood;Clint Eastwood, Gene Hackman, Morgan Freeman, Richard Harris;English;USA;Won 4 Oscars. Another 40 wins & 28 nominations.;8.2;298,035;tt0105695
94;Judgment at Nuremberg;1961;186 min;Drama, War;Stanley Kramer;Spencer Tracy, Burt Lancaster, Richard Widmark, Marlene Dietrich;English, German;USA;Won 2 Oscars. Another 13 wins & 25 nominations.;8.3;49,303;tt0055031
95;Raging Bull;1980;129 min;Biography, Drama, Sport;Martin Scorsese;Robert De Niro, Cathy Moriarty, Joe Pesci, Frank Vincent;English;USA;Won 2 Oscars. Another 22 wins & 26 nominations.;8.2;251,296;tt0081398
96;The Great Escape;1963;172 min;Adventure, Drama, History;John Sturges;Steve McQueen, James Garner, Richard Attenborough, James Donald;English, German, French, Russian, Spanish;USA;Nominated for 1 Oscar. Another 2 wins & 9 nominations.;8.2;177,901;tt0057115
97;Heat;1995;170 min;Action, Crime, Drama;Michael Mann;Al Pacino, Robert De Niro, Val Kilmer, Jon Voight;English, Spanish;USA;12 nominations.;8.2;461,331;tt0113277
98;Die Hard;1988;131 min;Action, Thriller;John McTiernan;Bruce Willis, Bonnie Bedelia, Reginald VelJohnson, Paul Gleason;English, German, Italian;USA;Nominated for 4 Oscars. Another 6 wins & 2 nominations.;8.2;636,557;tt0095016
99;The Gold Rush;1925;95 min;Adventure, Comedy, Drama;Charles Chaplin;Charles Chaplin, Mack Swain, Tom Murray, Henry Bergman;English;USA;Nominated for 2 Oscars. Another 3 wins & 1 nomination.;8.2;73,848;tt0015864
100;Chinatown;1974;130 min;Drama, Mystery, Thriller;Roman Polanski;Jack Nicholson, Faye Dunaway, John Huston, Perry Lopez;English, Cantonese, Spanish;USA;Won 1 Oscar. Another 20 wins & 24 nominations.;8.2;232,188;tt0071315
101;On the Waterfront;1954;108 min;Crime, Drama, Thriller;Elia Kazan;Marlon Brando, Karl Malden, Lee J. Cobb, Rod Steiger;English;USA;Won 8 Oscars. Another 21 wins & 9 nominations.;8.2;109,591;tt0047296
102;Mr. Smith Goes to Washington;1939;129 min;Comedy, Drama;Frank Capra;Jean Arthur, James Stewart, Claude Rains, Edward Arnold;English;USA;Won 1 Oscar. Another 4 wins & 11 nominations.;8.2;83,328;tt0031679
103;The General;1926;67 min;Action, Adventure, Comedy;Clyde Bruckman, Buster Keaton;Buster Keaton, Marion Mack, Glen Cavender, Jim Farley;English;USA;2 wins & 1 nomination.;8.2;58,327;tt0017925
104;Inside Out;2015;95 min;Animation, Adventure, Comedy;Pete Docter, Ronnie Del Carmen;Amy Poehler, Phyllis Smith, Richard Kind, Bill Hader;English;USA;Won 1 Oscar. Another 92 wins & 104 nominations.;8.2;421,211;tt2096673
105;The Bridge on the River Kwai;1957;161 min;Adventure, Drama, War;David Lean;William Holden, Alec Guinness, Jack Hawkins, Sessue Hayakawa;English, Japanese, Thai;UK, USA;Won 7 Oscars. Another 23 wins & 7 nominations.;8.2;161,564;tt0050212
106;Room;2015;118 min;Drama;Lenny Abrahamson;Brie Larson, Jacob Tremblay, Sean Bridgers, Wendy Crewson;English;Ireland, Canada, UK, USA;Won 1 Oscar. Another 102 wins & 132 nominations.;8.2;226,372;tt3170832
107;La La Land;2016;128 min;Comedy, Drama, Music;Damien Chazelle;Ryan Gosling, Emma Stone, Amiée Conn, Terry Walters;English;USA;Won 6 Oscars. Another 197 wins & 243 nominations.;8.2;272,059;tt3783958
108;Logan;2017;137 min;Action, Drama, Sci-Fi;James Mangold;Hugh Jackman, Patrick Stewart, Dafne Keen, Boyd Holbrook;English, Spanish;USA, Canada, Australia;1 win & 2 nominations.;8.3;316,354;tt3315342
109;Blade Runner;1982;117 min;Sci-Fi, Thriller;Ridley Scott;Harrison Ford, Rutger Hauer, Sean Young, Edward James Olmos;English, German, Cantonese, Japanese, Hungarian;USA, Hong Kong, UK;Nominated for 2 Oscars. Another 11 wins & 16 nominations.;8.2;499,344;tt0083658
110;Lock, Stock and Two Smoking Barrels;1998;107 min;Comedy, Crime;Guy Ritchie;Jason Flemyng, Dexter Fletcher, Nick Moran, Jason Statham;English;UK;Nominated for 1 BAFTA Film Award. Another 13 wins & 7 nominations.;8.2;442,704;tt0120735
111;Casino;1995;178 min;Crime, Drama;Martin Scorsese;Robert De Niro, Sharon Stone, Joe Pesci, James Woods;English;France, USA;Nominated for 1 Oscar. Another 3 wins & 9 nominations.;8.2;360,941;tt0112641
112;A Beautiful Mind;2001;135 min;Biography, Drama;Ron Howard;Russell Crowe, Ed Harris, Jennifer Connelly, Christopher Plummer;English;USA;Won 4 Oscars. Another 33 wins & 65 nominations.;8.2;667,901;tt0268978
113;The Elephant Man;1980;124 min;Biography, Drama;David Lynch;Anthony Hopkins, John Hurt, Anne Bancroft, John Gielgud;English;USA, UK;Nominated for 8 Oscars. Another 10 wins & 14 nominations.;8.2;174,583;tt0080678
114;Warrior;2011;140 min;Action, Drama, Sport;Gavin O'Connor;Joel Edgerton, Tom Hardy, Nick Nolte, Jennifer Morrison;English, Spanish;USA;Nominated for 1 Oscar. Another 6 wins & 20 nominations.;8.2;358,261;tt1291584
115;V for Vendetta;2005;132 min;Action, Drama, Thriller;James McTeigue;Natalie Portman, Hugo Weaving, Stephen Rea, Stephen Fry;English;USA, UK, Germany;7 wins & 27 nominations.;8.2;849,623;tt0434409
116;The Wolf of Wall Street;2013;180 min;Biography, Comedy, Crime;Martin Scorsese;Leonardo DiCaprio, Jonah Hill, Margot Robbie, Matthew McConaughey;English, French;USA;Nominated for 5 Oscars. Another 38 wins & 165 nominations.;8.2;874,371;tt0993846
117;Dial M for Murder;1954;105 min;Crime, Film-Noir, Thriller;Alfred Hitchcock;Ray Milland, Grace Kelly, Robert Cummings, John Williams;English;USA;Nominated for 1 BAFTA Film Award. Another 3 wins & 2 nominations.;8.2;116,207;tt0046912
118;Hacksaw Ridge;2016;139 min;Biography, Drama, History;Mel Gibson;Andrew Garfield, Richard Pyros, Jacob Warner, Milo Gibson;English, Japanese;Australia, USA;Won 2 Oscars. Another 37 wins & 95 nominations.;8.2;221,901;tt2119532
119;Gone with the Wind;1939;238 min;Drama, History, Romance;Victor Fleming, George Cukor, Sam Wood;Thomas Mitchell, Barbara O'Neil, Vivien Leigh, Evelyn Keyes;English;USA;Won 8 Oscars. Another 10 wins & 9 nominations.;8.2;230,951;tt0031381
120;The Message;1976;177 min;Adventure, Biography, Drama;Moustapha Akkad;Anthony Quinn, Irene Papas, Michael Ansara, Johnny Sekka;English, Arabic;Lebanon, Libya, Kuwait, Morocco, UK;N/A;8.3;36,301;tt0074896
121;Rebecca;1940;130 min;Drama, Mystery, Romance;Alfred Hitchcock;Laurence Olivier, Joan Fontaine, George Sanders, Judith Anderson;English, French;USA;Won 2 Oscars. Another 4 wins & 10 nominations.;8.2;94,586;tt0032976
122;Trainspotting;1996;94 min;Drama;Danny Boyle;Ewan McGregor, Ewen Bremner, Jonny Lee Miller, Kevin McKidd;English;UK;Nominated for 1 Oscar. Another 23 wins & 32 nominations.;8.2;517,568;tt0117951
123;The Deer Hunter;1978;183 min;Drama, War;Michael Cimino;Robert De Niro, John Cazale, John Savage, Christopher Walken;English, Russian, Vietnamese, French;USA, UK;Won 5 Oscars. Another 17 wins & 26 nominations.;8.2;249,067;tt0077416
124;Cool Hand Luke;1967;126 min;Crime, Drama;Stuart Rosenberg;Paul Newman, George Kennedy, J.D. Cannon, Lou Antonio;English;USA;Won 1 Oscar. Another 3 wins & 9 nominations.;8.2;128,345;tt0061512
125;Gran Torino;2008;116 min;Drama;Clint Eastwood;Clint Eastwood, Christopher Carley, Bee Vang, Ahney Her;English, Hmong;Germany, USA;Nominated for 1 Golden Globe. Another 20 wins & 17 nominations.;8.2;598,907;tt1205489
126;The Big Lebowski;1998;117 min;Comedy, Crime;Joel Coen, Ethan Coen;Jeff Bridges, John Goodman, Julianne Moore, Steve Buscemi;English, German, Hebrew, Spanish;USA, UK;4 wins & 17 nominations.;8.2;580,796;tt0118715
127;The Thing;1982;109 min;Horror, Mystery, Sci-Fi;John Carpenter;Kurt Russell, Wilford Brimley, T.K. Carter, David Clennon;English, Norwegian;USA;3 nominations.;8.2;281,843;tt0084787
128;It Happened One Night;1934;105 min;Comedy, Romance;Frank Capra;Clark Gable, Claudette Colbert, Walter Connolly, Roscoe Karns;English;USA;Won 5 Oscars. Another 5 wins & 1 nomination.;8.2;70,807;tt0025316
129;Fargo;1996;98 min;Crime, Drama, Thriller;Joel Coen, Ethan Coen;William H. Macy, Steve Buscemi, Peter Stormare, Kristin Rudrüd;English;USA, UK;Won 2 Oscars. Another 79 wins & 59 nominations.;8.1;490,860;tt0116282
130;The Sixth Sense;1999;107 min;Drama, Mystery, Thriller;M. Night Shyamalan;Bruce Willis, Haley Joel Osment, Toni Collette, Olivia Williams;English, Latin, Spanish;USA;Nominated for 6 Oscars. Another 32 wins & 47 nominations.;8.1;754,842;tt0167404
131;Finding Nemo;2003;100 min;Animation, Adventure, Comedy;Andrew Stanton, Lee Unkrich;Albert Brooks, Ellen DeGeneres, Alexander Gould, Willem Dafoe;English;USA;Won 1 Oscar. Another 49 wins & 64 nominations.;8.1;756,517;tt0266543
132;Mary and Max;2009;92 min;Animation, Comedy, Drama;Adam Elliot;Toni Collette, Philip Seymour Hoffman, Barry Humphries, Eric Bana;English, Yiddish;Australia;4 wins & 9 nominations.;8.2;129,873;tt0978762
133;No Country for Old Men;2007;122 min;Crime, Drama, Thriller;Ethan Coen, Joel Coen;Tommy Lee Jones, Javier Bardem, Josh Brolin, Woody Harrelson;English, Spanish;USA;Won 4 Oscars. Another 156 wins & 132 nominations.;8.1;666,081;tt0477348
134;How to Train Your Dragon;2010;98 min;Animation, Action, Adventure;Dean DeBlois, Chris Sanders;Jay Baruchel, Gerard Butler, Craig Ferguson, America Ferrera;English;USA;Nominated for 2 Oscars. Another 26 wins & 61 nominations.;8.1;528,657;tt0892769
135;There Will Be Blood;2007;158 min;Drama, History;Paul Thomas Anderson;Daniel Day-Lewis, Martin Stringer, Matthew Braden Stringer, Jacob Stringer;English, American Sign Language;USA;Won 2 Oscars. Another 106 wins & 135 nominations.;8.1;402,281;tt0469494
136;Into the Wild;2007;148 min;Adventure, Biography, Drama;Sean Penn;Emile Hirsch, Marcia Gay Harden, William Hurt, Jena Malone;English, Danish;USA;Nominated for 2 Oscars. Another 23 wins & 99 nominations.;8.1;461,312;tt0758758
137;Kill Bill: Vol. 1;2003;111 min;Action, Crime, Thriller;Quentin Tarantino;Uma Thurman, Lucy Liu, Vivica A. Fox, Daryl Hannah;English, Japanese, French;USA;Nominated for 1 Golden Globe. Another 27 wins & 99 nominations.;8.1;791,579;tt0266697
138;Gone Girl;2014;149 min;Crime, Drama, Mystery;David Fincher;Ben Affleck, Rosamund Pike, Neil Patrick Harris, Tyler Perry;English;USA;Nominated for 1 Oscar. Another 64 wins & 176 nominations.;8.1;640,332;tt2267998
139;Life of Brian;1979;94 min;Comedy;Terry Jones;Graham Chapman, John Cleese, Terry Gilliam, Eric Idle;English, Latin;UK;N/A;8.1;291,865;tt0079470
140;Network;1976;121 min;Drama;Sidney Lumet;Faye Dunaway, William Holden, Peter Finch, Robert Duvall;English;USA;Won 4 Oscars. Another 15 wins & 25 nominations.;8.1;111,892;tt0074958
141;Shutter Island;2010;138 min;Mystery, Thriller;Martin Scorsese;Leonardo DiCaprio, Mark Ruffalo, Ben Kingsley, Max von Sydow;English, German;USA;8 wins & 62 nominations.;8.1;862,078;tt1130884
142;In the Name of the Father;1993;133 min;Biography, Drama;Jim Sheridan;Alison Crosbie, Daniel Day-Lewis, Philip King, Emma Thompson;English;Ireland, UK, USA;Nominated for 7 Oscars. Another 7 wins & 21 nominations.;8.1;119,905;tt0107207
143;Rush;2013;123 min;Action, Biography, Drama;Ron Howard;Chris Hemsworth, Daniel Brühl, Olivia Wilde, Alexandra Maria Lara;English, German, Italian, French, Spanish;UK, Germany, USA;Nominated for 2 Golden Globes. Another 6 wins & 62 nominations.;8.1;341,336;tt1979320
144;Hotel Rwanda;2004;121 min;Biography, Drama, History;Terry George;Don Cheadle, Xolani Mali, Desmond Dube, Hakeem Kae-Kazim;English, French;UK, South Africa, Italy;Nominated for 3 Oscars. Another 16 wins & 45 nominations.;8.1;282,079;tt0395169
145;Platoon;1986;120 min;Drama, War;Oliver Stone;Tom Berenger, Keith David, Willem Dafoe, Forest Whitaker;English, Vietnamese;UK, USA;Won 4 Oscars. Another 19 wins & 14 nominations.;8.1;311,879;tt0091763
146;Song of the Sea;2014;93 min;Animation, Adventure, Family;Tomm Moore;David Rawle, Brendan Gleeson, Lisa Hannigan, Fionnula Flanagan;English, Irish, Scottish Gaelic;Ireland, Denmark, Belgium, Luxembourg, France;Nominated for 1 Oscar. Another 11 wins & 21 nominations.;8.1;33,478;tt1865505
147;Ben-Hur;1959;212 min;Adventure, Drama, History;William Wyler;Charlton Heston, Jack Hawkins, Haya Harareet, Stephen Boyd;English;USA;Won 11 Oscars. Another 16 wins & 13 nominations.;8.1;175,529;tt0052618
148;Stand by Me;1986;89 min;Adventure, Drama;Rob Reiner;Wil Wheaton, River Phoenix, Corey Feldman, Jerry O'Connell;English;USA;Nominated for 1 Oscar. Another 4 wins & 11 nominations.;8.1;292,157;tt0092005
149;Hachi: A Dog's Tale;2009;93 min;Drama, Family;Lasse Hallström;Richard Gere, Joan Allen, Cary-Hiroyuki Tagawa, Sarah Roemer;English, Japanese;UK, USA;1 nomination.;8.1;179,414;tt1028532
150;Kind Hearts and Coronets;1949;106 min;Comedy, Crime;Robert Hamer;Dennis Price, Valerie Hobson, Joan Greenwood, Alec Guinness;English;UK;Nominated for 1 BAFTA Film Award. Another 3 wins & 2 nominations.;8.1;29,245;tt0041546
151;The Maltese Falcon;1941;100 min;Film-Noir, Mystery;John Huston;Humphrey Bogart, Mary Astor, Gladys George, Peter Lorre;English;USA;Nominated for 3 Oscars. Another 4 wins.;8.1;122,177;tt0033870
152;Butch Cassidy and the Sundance Kid;1969;110 min;Biography, Crime, Drama;George Roy Hill;Paul Newman, Robert Redford, Katharine Ross, Strother Martin;English, Spanish;USA;Won 4 Oscars. Another 16 wins & 14 nominations.;8.1;163,664;tt0064115
153;The Legend of 1900;1998;165 min;Drama, Music, Romance;Giuseppe Tornatore;Tim Roth, Pruitt Taylor Vince, Bill Nunn, Clarence Williams III;English, French;Italy;Won 1 Golden Globe. Another 21 wins & 8 nominations.;8.1;44,192;tt0120731
154;Spotlight;2015;128 min;Crime, Drama, History;Tom McCarthy;Mark Ruffalo, Michael Keaton, Rachel McAdams, Liev Schreiber;English;USA, Canada;Won 2 Oscars. Another 115 wins & 134 nominations.;8.1;274,216;tt1895587
155;Brief Encounter;1945;86 min;Drama, Romance;David Lean;Celia Johnson, Trevor Howard, Stanley Holloway, Joyce Carey;English;UK;Nominated for 3 Oscars. Another 3 wins.;8.1;28,038;tt0037558
156;The Best Years of Our Lives;1946;170 min;Drama, Romance, War;William Wyler;Myrna Loy, Fredric March, Dana Andrews, Teresa Wright;English;USA;Won 7 Oscars. Another 13 wins & 2 nominations.;8.1;43,479;tt0036868
157;The Grapes of Wrath;1940;129 min;Drama, History;John Ford;Henry Fonda, Jane Darwell, John Carradine, Charley Grapewin;English;USA;Won 2 Oscars. Another 9 wins & 5 nominations.;8.1;68,128;tt0032551
158;12 Years a Slave;2013;134 min;Biography, Drama, History;Steve McQueen;Chiwetel Ejiofor, Dwight Henry, Dickie Gravois, Bryan Batt;English;USA, UK;Won 3 Oscars. Another 235 wins & 326 nominations.;8.1;490,387;tt2024544
159;The Grand Budapest Hotel;2014;99 min;Adventure, Comedy, Drama;Wes Anderson;Ralph Fiennes, F. Murray Abraham, Mathieu Amalric, Adrien Brody;English, French;USA, Germany;Won 4 Oscars. Another 127 wins & 217 nominations.;8.1;537,323;tt2278388
160;Mad Max: Fury Road;2015;120 min;Action, Adventure, Sci-Fi;George Miller;Tom Hardy, Charlize Theron, Nicholas Hoult, Hugh Keays-Byrne;English, Russian;Australia, USA;Won 6 Oscars. Another 231 wins & 208 nominations.;8.1;638,510;tt1392190
161;The Princess Bride;1987;98 min;Adventure, Family, Fantasy;Rob Reiner;Cary Elwes, Mandy Patinkin, Chris Sarandon, Christopher Guest;English;USA;Nominated for 1 Oscar. Another 7 wins & 8 nominations.;8.1;314,262;tt0093779
162;What Ever Happened to Baby Jane?;1962;134 min;Drama, Horror, Thriller;Robert Aldrich;Bette Davis, Joan Crawford, Victor Buono, Wesley Addy;English;USA;Won 1 Oscar. Another 1 win & 11 nominations.;8.1;37,689;tt0056687
163;Million Dollar Baby;2004;132 min;Drama, Sport;Clint Eastwood;Clint Eastwood, Hilary Swank, Morgan Freeman, Jay Baruchel;English, Irish;USA;Won 4 Oscars. Another 63 wins & 83 nominations.;8.1;519,405;tt0405159
164;Jurassic Park;1993;127 min;Adventure, Sci-Fi, Thriller;Steven Spielberg;Sam Neill, Laura Dern, Jeff Goldblum, Richard Attenborough;English, Spanish;USA;Won 3 Oscars. Another 28 wins & 17 nominations.;8.1;670,652;tt0107290
165;Touch of Evil;1958;95 min;Crime, Drama, Film-Noir;Orson Welles;Charlton Heston, Janet Leigh, Orson Welles, Joseph Calleia;English, Spanish;USA;6 wins & 1 nomination.;8.1;78,182;tt0052311
166;Spider-Man: Homecoming;2017;133 min;Action, Adventure, Sci-Fi;Jon Watts;Tom Holland, Michael Keaton, Robert Downey Jr., Marisa Tomei;English;USA;N/A;8.1;64,044;tt2250912
167;Before Sunrise;1995;101 min;Drama, Romance;Richard Linklater;Ethan Hawke, Julie Delpy, Andrea Eckert, Hanno Pöschl;English, German, French;USA, Austria, Switzerland;1 win & 7 nominations.;8.1;202,165;tt0112471
168;The Truman Show;1998;103 min;Comedy, Drama, Sci-Fi;Peter Weir;Jim Carrey, Laura Linney, Noah Emmerich, Natascha McElhone;English;USA;Nominated for 3 Oscars. Another 38 wins & 66 nominations.;8.1;724,665;tt0120382
169;Harry Potter and the Deathly Hallows: Part 2;2011;130 min;Adventure, Drama, Fantasy;David Yates;Ralph Fiennes, Michael Gambon, Alan Rickman, Daniel Radcliffe;English;USA, UK;Nominated for 3 Oscars. Another 45 wins & 92 nominations.;8.1;594,362;tt1201607
170;Star Wars: The Force Awakens;2015;136 min;Action, Adventure, Fantasy;J.J. Abrams;Harrison Ford, Mark Hamill, Carrie Fisher, Adam Driver;English;USA;Nominated for 5 Oscars. Another 51 wins & 115 nominations.;8.1;665,521;tt2488496
171;Paris, Texas;1984;145 min;Drama;Wim Wenders;Harry Dean Stanton, Sam Berry, Bernhard Wicki, Dean Stockwell;English;UK, France, West Germany;Nominated for 1 Golden Globe. Another 16 wins & 9 nominations.;8.1;55,529;tt0087884
172;The Last Picture Show;1971;118 min;Drama;Peter Bogdanovich;Timothy Bottoms, Jeff Bridges, Cybill Shepherd, Ben Johnson;English;USA;Won 2 Oscars. Another 16 wins & 22 nominations.;8.1;33,568;tt0067328
173;Gandhi;1982;191 min;Biography, Drama, History;Richard Attenborough;Ben Kingsley, Candice Bergen, Edward Fox, John Gielgud;English;UK, India, USA;Won 8 Oscars. Another 27 wins & 20 nominations.;8.1;184,127;tt0083987
174;Barry Lyndon;1975;184 min;Adventure, Drama, History;Stanley Kubrick;Ryan O'Neal, Marisa Berenson, Patrick Magee, Hardy Krüger;English, German, French;UK, USA, Ireland;Won 4 Oscars. Another 13 wins & 13 nominations.;8.1;110,576;tt0072684
175;Rocky;1976;120 min;Drama, Sport;John G. Avildsen;Sylvester Stallone, Talia Shire, Burt Young, Carl Weathers;English;USA;Won 3 Oscars. Another 16 wins & 21 nominations.;8.1;407,892;tt0075148
176;Annie Hall;1977;93 min;Comedy, Romance;Woody Allen;Woody Allen, Diane Keaton, Tony Roberts, Carol Kane;English, German;USA;Won 4 Oscars. Another 26 wins & 8 nominations.;8.1;208,523;tt0075686
177;Prisoners;2013;153 min;Crime, Drama, Mystery;Denis Villeneuve;Hugh Jackman, Jake Gyllenhaal, Viola Davis, Maria Bello;English;USA;Nominated for 1 Oscar. Another 10 wins & 35 nominations.;8.1;436,571;tt1392214
178;Donnie Darko;2001;113 min;Drama, Sci-Fi, Thriller;Richard Kelly;Jake Gyllenhaal, Holmes Osborne, Maggie Gyllenhaal, Daveigh Chase;English;USA;11 wins & 15 nominations.;8.1;622,498;tt0246578
179;Catch Me If You Can;2002;141 min;Biography, Crime, Drama;Steven Spielberg;Leonardo DiCaprio, Tom Hanks, Christopher Walken, Martin Sheen;English, French;USA, Canada;Nominated for 2 Oscars. Another 13 wins & 41 nominations.;8.1;592,039;tt0264464
180;The Man Who Shot Liberty Valance;1962;123 min;Action, Drama, Western;John Ford;John Wayne, James Stewart, Vera Miles, Lee Marvin;English;USA;Nominated for 1 Oscar. Another 4 wins & 2 nominations.;8.1;56,560;tt0056217
181;Laura;1944;88 min;Drama, Film-Noir, Mystery;Otto Preminger;Gene Tierney, Dana Andrews, Clifton Webb, Vincent Price;English;USA;Won 1 Oscar. Another 2 wins & 4 nominations.;8.1;33,877;tt0037008
182;Monsters, Inc.;2001;92 min;Animation, Adventure, Comedy;Pete Docter, David Silverman, Lee Unkrich;John Goodman, Billy Crystal, Mary Gibbs, Steve Buscemi;English;USA;Won 1 Oscar. Another 13 wins & 39 nominations.;8.1;639,101;tt0198781
183;The Bourne Ultimatum;2007;115 min;Action, Mystery, Thriller;Paul Greengrass;Matt Damon, Julia Stiles, David Strathairn, Scott Glenn;English, French, Arabic, Russian, Spanish;USA, Germany;Won 3 Oscars. Another 26 wins & 39 nominations.;8.1;527,907;tt0440963
184;Cat on a Hot Tin Roof;1958;108 min;Drama, Romance;Richard Brooks;Elizabeth Taylor, Paul Newman, Burl Ives, Jack Carson;English;USA;Nominated for 6 Oscars. Another 2 wins & 10 nominations.;8.1;36,009;tt0051459
185;The Wizard of Oz;1939;102 min;Adventure, Family, Fantasy;Victor Fleming, George Cukor, Mervyn LeRoy, Norman Taurog, King Vidor;Judy Garland, Frank Morgan, Ray Bolger, Bert Lahr;English;USA;Won 2 Oscars. Another 7 wins & 14 nominations.;8.1;311,697;tt0032138
186;Sleuth;1972;138 min;Mystery, Thriller;Joseph L. Mankiewicz;Laurence Olivier, Michael Caine, Alec Cawthorne, John Matthews;English, Italian;UK, USA;Nominated for 4 Oscars. Another 5 wins & 7 nominations.;8.1;38,576;tt0069281
187;Roman Holiday;1953;118 min;Comedy, Romance;William Wyler;Gregory Peck, Audrey Hepburn, Eddie Albert, Hartley Power;English, Italian, German;USA;Won 3 Oscars. Another 7 wins & 15 nominations.;8.1;107,872;tt0046250
188;Out of the Past;1947;97 min;Crime, Drama, Film-Noir;Jacques Tourneur;Robert Mitchum, Jane Greer, Kirk Douglas, Rhonda Fleming;English, American Sign Language;USA;1 win.;8.1;24,842;tt0039689
189;Anatomy of a Murder;1959;160 min;Crime, Drama, Mystery;Otto Preminger;James Stewart, Lee Remick, Ben Gazzara, Arthur O'Connell;English;USA;Nominated for 7 Oscars. Another 9 wins & 11 nominations.;8.1;48,842;tt0052561
190;Who's Afraid of Virginia Woolf?;1966;131 min;Drama;Mike Nichols;Elizabeth Taylor, Richard Burton, George Segal, Sandy Dennis;English, Latin, Spanish;USA;Won 5 Oscars. Another 17 wins & 23 nominations.;8.1;58,960;tt0061184
191;The Terminator;1984;107 min;Action, Sci-Fi;James Cameron;Arnold Schwarzenegger, Michael Biehn, Linda Hamilton, Paul Winfield;English, Spanish;UK, USA;6 wins & 6 nominations.;8.0;646,546;tt0088247
192;Groundhog Day;1993;101 min;Comedy, Fantasy, Romance;Harold Ramis;Bill Murray, Andie MacDowell, Chris Elliott, Stephen Tobolowsky;English, French, Italian;USA;Won 1 BAFTA Film Award. Another 5 wins & 10 nominations.;8.0;474,776;tt0107048
193;The Help;2011;146 min;Drama;Tate Taylor;Emma Stone, Viola Davis, Bryce Dallas Howard, Octavia Spencer;English;USA, India, United Arab Emirates;Won 1 Oscar. Another 79 wins & 116 nominations.;8.1;344,326;tt1454029
194;Strangers on a Train;1951;101 min;Crime, Film-Noir, Thriller;Alfred Hitchcock;Farley Granger, Ruth Roman, Robert Walker, Leo G. Carroll;English, French;USA;Nominated for 1 Oscar. Another 2 wins & 1 nomination.;8.0;103,963;tt0044079
195;The Night of the Hunter;1955;92 min;Crime, Drama, Film-Noir;Charles Laughton;Robert Mitchum, Shelley Winters, Lillian Gish, James Gleason;English;USA;2 wins.;8.0;68,366;tt0048424
196;All Quiet on the Western Front;1930;136 min;Drama, War;Lewis Milestone;Louis Wolheim, Lew Ayres, John Wray, Arnold Lucy;English, French, German, Latin;USA;Won 2 Oscars. Another 5 wins & 2 nominations.;8.1;49,038;tt0020629
197;Beauty and the Beast;1991;84 min;Animation, Family, Fantasy;Gary Trousdale, Kirk Wise;Robby Benson, Jesse Corti, Rex Everhart, Angela Lansbury;English, French;USA;Won 2 Oscars. Another 24 wins & 22 nominations.;8.0;336,430;tt0101414
198;Lion;2016;118 min;Biography, Drama;Garth Davis;Sunny Pawar, Abhishek Bharate, Priyanka Bose, Khushi Solanki;English, Hindi, Bengali;UK, Australia, USA;Nominated for 6 Oscars. Another 32 wins & 70 nominations.;8.1;113,296;tt3741834
199;Twelve Monkeys;1995;129 min;Mystery, Sci-Fi, Thriller;Terry Gilliam;Joseph Melito, Bruce Willis, Jon Seda, Michael Chance;English, French;USA;Nominated for 2 Oscars. Another 9 wins & 18 nominations.;8.0;492,644;tt0114746
200;Guardians of the Galaxy;2014;121 min;Action, Adventure, Sci-Fi;James Gunn;Chris Pratt, Zoe Saldana, Dave Bautista, Vin Diesel;English;USA, UK;Nominated for 2 Oscars. Another 50 wins & 96 nominations.;8.1;768,444;tt2015381
201;Dog Day Afternoon;1975;125 min;Biography, Crime, Drama;Sidney Lumet;Penelope Allen, Sully Boyar, John Cazale, Beulah Garrick;English;USA;Won 1 Oscar. Another 13 wins & 19 nominations.;8.0;194,970;tt0072890
202;Jaws;1975;124 min;Adventure, Drama, Thriller;Steven Spielberg;Roy Scheider, Robert Shaw, Richard Dreyfuss, Lorraine Gary;English;USA;Won 3 Oscars. Another 10 wins & 17 nominations.;8.0;445,407;tt0073195
203;Zootopia;2016;108 min;Animation, Adventure, Comedy;Jared Bush, Byron Howard, Rich Moore;Ginnifer Goodwin, Jason Bateman, Idris Elba, Jenny Slate;English;USA;Won 1 Oscar. Another 36 wins & 58 nominations.;8.1;304,299;tt2948356
204;Guardians of the Galaxy Vol. 2;2017;136 min;Action, Adventure, Sci-Fi;James Gunn;Chris Pratt, Zoe Saldana, Dave Bautista, Vin Diesel;English;USA;N/A;8.1;175,272;tt3896198
205;Pirates of the Caribbean: The Curse of the Black Pearl;2003;143 min;Action, Adventure, Fantasy;Gore Verbinski;Johnny Depp, Geoffrey Rush, Orlando Bloom, Keira Knightley;English;USA;Nominated for 5 Oscars. Another 36 wins & 96 nominations.;8.0;869,710;tt0325980
206;Before Sunset;2004;80 min;Drama, Romance;Richard Linklater;Ethan Hawke, Julie Delpy, Vernon Dobtcheff, Louise Lemoine Torrès;English, French;USA;Nominated for 1 Oscar. Another 9 wins & 29 nominations.;8.0;179,650;tt0381681
207;The Imitation Game;2014;114 min;Biography, Drama, Thriller;Morten Tyldum;Benedict Cumberbatch, Keira Knightley, Matthew Goode, Rory Kinnear;English, German;UK, USA;Won 1 Oscar. Another 44 wins & 150 nominations.;8.1;535,118;tt2084970
208;Young Frankenstein;1974;106 min;Comedy;Mel Brooks;Gene Wilder, Peter Boyle, Marty Feldman, Madeline Kahn;English, German;USA;Nominated for 2 Oscars. Another 11 wins & 5 nominations.;8.0;121,147;tt0072431
209;Stalag 17;1953;120 min;Drama, War;Billy Wilder;William Holden, Don Taylor, Otto Preminger, Robert Strauss;English, German, Russian;USA;Won 1 Oscar. Another 1 win & 5 nominations.;8.0;44,802;tt0046359
210;Dogville;2003;178 min;Crime, Drama;Lars von Trier;Nicole Kidman, Harriet Andersson, Lauren Bacall, Jean-Marc Barr;English;Netherlands, Denmark, UK, France, Finland, Sweden, Germany, Italy, Norway;20 wins & 30 nominations.;8.0;113,851;tt0276919
211;Dead Poets Society;1989;128 min;Comedy, Drama;Peter Weir;Robin Williams, Robert Sean Leonard, Ethan Hawke, Josh Charles;English, Latin;USA;Won 1 Oscar. Another 18 wins & 19 nominations.;8.0;295,852;tt0097165
212;High Noon;1952;85 min;Drama, Thriller, Western;Fred Zinnemann;Gary Cooper, Thomas Mitchell, Lloyd Bridges, Katy Jurado;English, Spanish;USA;Won 4 Oscars. Another 13 wins & 10 nominations.;8.0;83,393;tt0044706
213;Papillon;1973;151 min;Biography, Crime, Drama;Franklin J. Schaffner;Steve McQueen, Dustin Hoffman, Victor Jory, Don Gordon;English, Spanish;France, USA;Nominated for 1 Oscar. Another 2 wins & 1 nomination.;8.0;101,553;tt0070511
214;A Streetcar Named Desire;1951;122 min;Drama;Elia Kazan;Vivien Leigh, Marlon Brando, Kim Hunter, Karl Malden;English, Spanish;USA;Won 4 Oscars. Another 13 wins & 15 nominations.;8.0;82,622;tt0044081
215;Arsenic and Old Lace;1944;118 min;Comedy, Crime, Thriller;Frank Capra;Cary Grant, Priscilla Lane, Raymond Massey, Jack Carson;English, German;USA;1 nomination.;8.0;56,783;tt0036613
216;Sin City;2005;124 min;Crime, Thriller;Frank Miller, Robert Rodriguez, Quentin Tarantino;Jessica Alba, Devon Aoki, Alexis Bledel, Powers Boothe;English;USA;33 wins & 51 nominations.;8.0;685,825;tt0401792
217;The Hustler;1961;134 min;Drama, Sport;Robert Rossen;Paul Newman, Jackie Gleason, Piper Laurie, George C. Scott;English;USA;Won 2 Oscars. Another 11 wins & 20 nominations.;8.0;65,649;tt0054997
218;A Night at the Opera;1935;96 min;Comedy, Music, Musical;Sam Wood, Edmund Goulding;Groucho Marx, Chico Marx, Harpo Marx, Kitty Carlisle;English, Italian;USA;1 win.;8.1;26,025;tt0026778
219;The Killing;1956;85 min;Crime, Drama, Film-Noir;Stanley Kubrick;Sterling Hayden, Coleen Gray, Vince Edwards, Jay C. Flippen;English;USA;N/A;8.0;65,940;tt0049406
220;The Avengers;2012;143 min;Action, Sci-Fi;Joss Whedon;Robert Downey Jr., Chris Evans, Mark Ruffalo, Chris Hemsworth;English, Russian, Hindi;USA;Nominated for 1 Oscar. Another 37 wins & 79 nominations.;8.1;1,051,143;tt0848228
221;Notorious;1946;101 min;Drama, Film-Noir, Romance;Alfred Hitchcock;Cary Grant, Ingrid Bergman, Claude Rains, Louis Calhern;English, French, Portuguese;USA;Nominated for 2 Oscars. Another 3 wins & 1 nomination.;8.0;77,339;tt0038787
222;Harvey;1950;104 min;Comedy, Drama, Fantasy;Henry Koster;Wallace Ford, William H. Lynn, Victoria Horne, Jesse White;English, Spanish, Latin;USA;Won 1 Oscar. Another 1 win & 4 nominations.;8.0;46,446;tt0042546
223;The Martian;2015;144 min;Adventure, Drama, Sci-Fi;Ridley Scott;Matt Damon, Jessica Chastain, Kristen Wiig, Jeff Daniels;English, Mandarin;USA, UK;Nominated for 7 Oscars. Another 34 wins & 180 nominations.;8.0;560,864;tt3659388
224;The Exorcist;1973;122 min;Horror;William Friedkin;Ellen Burstyn, Max von Sydow, Lee J. Cobb, Kitty Winn;English, Latin, Greek, French, German, Arabic, Kurdish;USA;Won 2 Oscars. Another 14 wins & 15 nominations.;8.0;299,364;tt0070047
225;Rio Bravo;1959;141 min;Action, Drama, Western;Howard Hawks;John Wayne, Dean Martin, Ricky Nelson, Angie Dickinson;English, Spanish;USA;Won 1 Golden Globe. Another 1 win & 4 nominations.;8.0;45,629;tt0053221
226;The Philadelphia Story;1940;112 min;Comedy, Romance;George Cukor;Cary Grant, Katharine Hepburn, James Stewart, Ruth Hussey;English, French;USA;Won 2 Oscars. Another 3 wins & 5 nominations.;8.0;52,602;tt0032904
227;Rope;1948;80 min;Crime, Drama, Thriller;Alfred Hitchcock;John Dall, Farley Granger, Edith Evanson, Douglas Dick;English;USA;3 nominations.;8.0;102,340;tt0040746
228;The Big Sleep;1946;114 min;Crime, Film-Noir, Mystery;Howard Hawks;Humphrey Bogart, Lauren Bacall, John Ridgely, Martha Vickers;English;USA;2 wins.;8.0;67,315;tt0038355
229;Pink Floyd: The Wall;1982;95 min;Animation, Drama, Fantasy;Alan Parker;Bob Geldof, Christine Hargreaves, James Laurenson, Eleanor David;English;UK;Won 2 BAFTA Film Awards. Another 1 win & 1 nomination.;8.0;63,190;tt0084503
230;The King's Speech;2010;118 min;Biography, Drama;Tom Hooper;Colin Firth, Helena Bonham Carter, Derek Jacobi, Robert Portal;English;UK, USA, Australia;Won 4 Oscars. Another 103 wins & 194 nominations.;8.0;537,662;tt1504320
231;A Christmas Story;1983;94 min;Comedy, Family;Bob Clark;Melinda Dillon, Darren McGavin, Peter Billingsley, Scott Schwartz;English;USA, Canada;3 wins & 11 nominations.;8.0;110,893;tt0085334
232;The Graduate;1967;106 min;Comedy, Drama;Mike Nichols;Anne Bancroft, Dustin Hoffman, Katharine Ross, William Daniels;English;USA;Won 1 Oscar. Another 20 wins & 16 nominations.;8.0;220,459;tt0061722
233;JFK;1991;189 min;Drama, History, Thriller;Oliver Stone;Sally Kirkland, Anthony Ramirez, Ray LePere, Steve Reed;English, Spanish;France, USA;Won 2 Oscars. Another 17 wins & 25 nominations.;8.0;120,061;tt0102138
234;Sling Blade;1996;135 min;Drama;Billy Bob Thornton;Billy Bob Thornton, Dwight Yoakam, J.T. Walsh, John Ritter;English;USA;Won 1 Oscar. Another 13 wins & 15 nominations.;8.0;75,931;tt0117666
235;Blood Diamond;2006;143 min;Adventure, Drama, Thriller;Edward Zwick;Leonardo DiCaprio, Djimon Hounsou, Jennifer Connelly, Kagiso Kuypers;English, Mende, Afrikaans;Germany, USA;Nominated for 5 Oscars. Another 8 wins & 26 nominations.;8.0;424,781;tt0450259
236;Magnolia;1999;188 min;Drama;Paul Thomas Anderson;Pat Healy, Genevieve Zweig, Mark Flanagan, Neil Flynn;English, German, French;USA;Nominated for 3 Oscars. Another 28 wins & 51 nominations.;8.0;251,286;tt0175880
237;Rain Man;1988;133 min;Drama;Barry Levinson;Dustin Hoffman, Tom Cruise, Valeria Golino, Gerald R. Molen;English, Italian;USA;Won 4 Oscars. Another 22 wins & 22 nominations.;8.0;403,104;tt0095953
238;The Revenant;2015;156 min;Adventure, Drama, Thriller;Alejandro González Iñárritu;Leonardo DiCaprio, Tom Hardy, Domhnall Gleeson, Will Poulter;English, Pawnee, French;Hong Kong, Taiwan, USA;Won 3 Oscars. Another 82 wins & 177 nominations.;8.0;504,647;tt1663202
239;The Nightmare Before Christmas;1993;76 min;Animation, Family, Fantasy;Henry Selick;Danny Elfman, Chris Sarandon, Catherine O'Hara, William Hickey;English;USA;Nominated for 1 Oscar. Another 7 wins & 7 nominations.;8.0;238,561;tt0107688
240;The Manchurian Candidate;1962;126 min;Drama, Thriller;John Frankenheimer;Frank Sinatra, Laurence Harvey, Janet Leigh, Angela Lansbury;English;USA;Nominated for 2 Oscars. Another 5 wins & 6 nominations.;8.0;63,422;tt0056218
241;Deadpool;2016;108 min;Action, Adventure, Comedy;Tim Miller;Ryan Reynolds, Karan Soni, Ed Skrein, Michael Benyaer;English;USA;Nominated for 2 Golden Globes. Another 23 wins & 63 nominations.;8.0;644,281;tt1431045
242;The Wild Bunch;1969;135 min;Action, Adventure, Western;Sam Peckinpah;William Holden, Ernest Borgnine, Robert Ryan, Edmond O'Brien;English, Spanish, German;USA;Nominated for 2 Oscars. Another 5 wins & 4 nominations.;8.0;65,987;tt0065214
243;Aladdin;1992;90 min;Animation, Adventure, Comedy;Ron Clements, John Musker;Scott Weinger, Robin Williams, Linda Larkin, Jonathan Freeman;English;USA;Won 2 Oscars. Another 25 wins & 18 nominations.;8.0;281,651;tt0103639
244;Big Fish;2003;125 min;Adventure, Drama, Fantasy;Tim Burton;Ewan McGregor, Albert Finney, Billy Crudup, Jessica Lange;English, Cantonese;USA;Nominated for 1 Oscar. Another 1 win & 68 nominations.;8.0;364,938;tt0319061
245;Patton;1970;172 min;Biography, Drama, War;Franklin J. Schaffner;George C. Scott, Karl Malden, Stephen Young, Michael Strong;English, German, French, Russian, Arabic, Italian;USA;Won 7 Oscars. Another 17 wins & 8 nominations.;8.0;80,730;tt0066206
246;The Lost Weekend;1945;101 min;Drama, Film-Noir;Billy Wilder;Ray Milland, Jane Wyman, Phillip Terry, Howard Da Silva;English;USA;Won 4 Oscars. Another 12 wins & 3 nominations.;8.0;26,834;tt0037884
247;Short Term 12;2013;96 min;Drama;Destin Daniel Cretton;Brie Larson, John Gallagher Jr., Stephanie Beatriz, Rami Malek;English;USA;35 wins & 70 nominations.;8.0;62,348;tt2370248
248;His Girl Friday;1940;92 min;Comedy, Drama, Romance;Howard Hawks;Cary Grant, Rosalind Russell, Ralph Bellamy, Gene Lockhart;English, French;USA;2 wins.;8.0;43,551;tt0032599
249;The Straight Story;1999;112 min;Biography, Drama;David Lynch;Sissy Spacek, Jane Galloway Heitz, Joseph A. Carpenter, Donald Wiegert;English;France, UK, USA;Nominated for 1 Oscar. Another 14 wins & 37 nominations.;8.0;67,045;tt0166896
250;Slumdog Millionaire;2008;120 min;Drama;Danny Boyle, Loveleen Tandan;Dev Patel, Saurabh Shukla, Anil Kapoor, Raj Zutshi;English, Hindi, French;UK, France, USA;Won 8 Oscars. Another 144 wins & 126 nominations.;8.0;679,975;tt1010048
